cust_id,first_name,last_name,phone_num,address,city,state,zip,age
1,Dollie,Eastmond,804-456-7281,108 Longview Point,Richmond,,31753,57
2,Seline,Clynman,713-906-3786,355 Nobel Center,Houston,TX,60253,39
3,Mischa,Verrico,563-545-6991,01266 Pierstorff Court,,,57857,48
4,Mary,Olivey,719-910-3421,6452 La Follette Plaza,Colorado Springs,CO,75056,
5,Timmie,Sprull,312-524-4830,36877 Lillian Center,Chicago,IL,,80
6,Ferdie,Leveret,718-885-4319,75105 Portage Plaza,,NY,56348,33
7,Gardie,Boyd,602-472-0285,740 Coleman Point,Phoenix,AZ,81526,
8,Bastien,Janecki,571-843-1013,911 Anniversary Parkway,Springfield,VA,56302,
9,Ginger,Winridge,203-645-1691,35079 Esker Place,Waterbury,CT,68468,46
10,Adrienne,Nials,585-222-8005,52763 Hovde Way,Rochester,NY,22885,18
11,Shermie,Arnaudot,321-844-2988,3 Homewood Center,Melbourne,FL,44087,67
12,Steffen,Corlett,937-942-7118,7348 Monument Street,Dayton,OH,23643,35
13,Micaela,Poter,559-327-7659,613 Nova Way,,,16176,37
14,Brigitta,Sooper,239-423-8964,1 Cherokee Avenue,Fort Myers,,71725,51
15,Sander,Haley,714-918-8268,931 Dryden Center,Newport Beach,CA,,34
16,Nari,Northrop,210-286-1654,1295 Macpherson Drive,San Antonio,TX,40375,45
17,Caria,Newby,310-929-0571,60 Gulseth Terrace,Santa Monica,CA,23763,
18,Warner,Goney,646-770-8263,4 Westend Place,New York City,,29171,43
19,Gordon,Fearneley,626-624-8267,18 Hollow Ridge Place,Pasadena,CA,65788,80
20,Koenraad,Potebury,651-928-0737,293 Westridge Avenue,Saint Paul,MN,72895,61
21,Saidee,Jillett,512-160-5295,68 Golf Plaza,Round Rock,TX,50236,45
22,Conroy,Slaight,781-960-2790,,,MA,48813,
23,Francois,Simmance,215-806-7375,1911 Eastwood Park,Philadelphia,PA,10106,35
24,Johnette,Hrycek,765-644-7958,,,,35365,36
25,Guenevere,Bukowski,703-626-8515,5567 Stephen Road,Arlington,VA,11583,27
26,Bria,Camilio,402-831-2952,01224 Holy Cross Court,Omaha,NE,10675,52
27,Maris,Threader,217-493-3315,8 Meadow Valley Place,Springfield,IL,51167,
28,Ludwig,Wennington,603-533-0249,314 Onsgard Junction,Portsmouth,NH,,72
29,Ezechiel,Landal,415-664-1233,1 Sherman Court,San Francisco,CA,33932,36
30,Delphinia,De Maine,936-918-0650,09 Michigan Plaza,Conroe,TX,79647,72
31,Aaren,de Clerq,765-263-7813,50739 School Circle,Muncie,IN,84249,17
32,Adorne,Tenby,941-613-6697,,Bradenton,FL,24564,55
33,Horacio,Laite,202-904-2385,,Washington,,,46
34,Dwight,Klaessen,386-756-2068,1 Anhalt Lane,,FL,34477,
35,Glynis,Beaudry,260-724-8833,894 American Ash Court,Fort Wayne,IN,59543,31
36,Peta,Braz,804-120-9446,1710 Knutson Point,Richmond,VA,32536,
37,Andrey,Ambrosch,727-431-0862,,Saint Petersburg,FL,80803,19
38,Griffith,Maltster,203-191-7842,942 Colorado Park,,CT,57375,57
39,Constantine,Godby,713-468-9192,19175 Bunting Way,Houston,TX,,66
40,Devondra,Boneham,614-641-1635,1799 Arrowood Lane,Columbus,OH,50840,47
41,Maurine,Tayloe,626-637-8481,,Pasadena,CA,65111,28
42,Leroi,Korting,702-652-0654,71587 Sutherland Drive,Las Vegas,NV,32543,20
43,Ganny,Lourens,206-649-4417,71079 Bowman Junction,Seattle,,24555,
44,Elia,Hebble,713-216-2914,14 Bartillon Hill,Houston,TX,20494,62
45,Noby,Husthwaite,918-247-3825,6819 Beilfuss Drive,Tulsa,,49407,66
46,Erin,Mottini,713-794-2382,57 Atwood Way,Houston,TX,42442,80
47,Moishe,Turley,646-399-8904,05849 Eggendart Hill,New York City,NY,67509,53
48,Sarette,Ascraft,904-975-7703,96 Brickson Park Pass,Jacksonville,,87537,
49,Zarla,Posten,918-494-5902,,Tulsa,,82481,48
50,Hertha,Greveson,205-400-6083,4575 Leroy Lane,Birmingham,AL,,80
51,Ralph,Ryam,586-858-5023,,Detroit,MI,17289,26
52,Tamera,Neilus,919-605-7077,1 Sunnyside Lane,,NC,30154,79
53,Berk,Cabrera,610-426-6863,327 Birchwood Lane,Philadelphia,PA,36822,32
54,Skylar,Owain,513-789-8534,90513 Union Drive,,,18291,27
55,Juli,Dorking,586-770-5686,68 Sullivan Avenue,Southfield,MI,11413,31
56,Cherey,Dureden,312-776-8439,,Chicago,IL,11966,79
57,Mohandas,Aveson,913-425-0006,328 Pierstorff Trail,Kansas City,KS,40879,
58,Lilas,Iianon,505-624-3279,8090 Doe Crossing Park,Albuquerque,,40891,66
59,Juliann,Arnolds,251-578-4855,4 Almo Terrace,Mobile,AL,43392,
60,Tana,Duggan,423-891-6945,,Chattanooga,TN,19166,45
61,Ahmed,Durn,410-144-3006,0191 Bay Terrace,,,37196,33
62,Matthieu,Stearns,419-909-7875,29237 Dorton Plaza,Toledo,OH,16947,76
63,Bamby,Lantiffe,623-274-4550,9880 Stephen Street,Scottsdale,AZ,40905,
64,Bart,Payler,504-406-2815,391 Killdeer Crossing,New Orleans,LA,44910,50
65,Annabella,Roscher,615-614-2761,4 Beilfuss Pass,Nashville,TN,66894,73
66,Tucker,Ivanyushkin,917-945-1800,16 Lunder Court,New York City,NY,52012,36
67,Alano,Body,517-730-1757,524 Porter Avenue,,MI,69814,56
68,Deck,Sarl,405-730-6844,069 Arkansas Place,Oklahoma City,OK,78483,
69,Armand,Pavolini,214-793-3574,450 Dakota Parkway,Dallas,TX,11070,37
70,Editha,Ferrieroi,212-312-7312,87 Lukken Place,,,,64
71,Florentia,Stitle,901-112-8759,,Memphis,TN,,50
72,Wesley,Wooffitt,786-569-3040,7630 Lotheville Road,Miami,FL,47605,43
73,Cecilius,Bromilow,210-108-3145,868 Lien Place,,TX,35417,73
74,Kai,Antoniou,859-746-9473,073 Bashford Center,Lexington,KY,,45
75,Sandro,Hargie,916-468-7937,23192 Havey Junction,Sacramento,CA,88255,80
76,Biddy,Branche,417-786-5358,9 Fair Oaks Court,Springfield,MO,54578,38
77,Ximenez,Papa,484-164-6161,617 Carberry Place,Reading,PA,,
78,Holmes,Hollyer,585-654-9135,6194 Pepper Wood Pass,Rochester,NY,10698,26
79,Dick,Easterby,228-729-5605,0552 Gateway Junction,Gulfport,MS,50500,72
80,Cynde,Ossulton,804-110-2512,58523 Moulton Plaza,Richmond,VA,80641,18
81,Archibald,Tuiller,601-951-1892,6 Muir Parkway,,MS,76609,46
82,Leigh,Kluss,701-819-2055,71700 Esker Park,,ND,80331,21
83,Patrica,Shallcross,770-948-6346,2 Dahle Circle,Alpharetta,GA,,79
84,Godart,Slocumb,415-175-6044,92813 Texas Center,San Francisco,CA,34398,65
85,Johannes,Clymer,865-572-4697,13080 Steensland Court,Knoxville,TN,15302,69
86,Kelsey,Coffee,251-843-3817,,Mobile,AL,43773,33
87,Jareb,Marlen,239-294-1181,3199 Pennsylvania Trail,Fort Myers,FL,82212,73
88,Addison,Gasperi,951-140-9995,5114 Melrose Center,Moreno Valley,CA,20965,64
89,Stuart,Sallenger,434-630-5079,96143 Linden Terrace,Lynchburg,VA,71066,
90,Ephrem,Firebrace,251-198-0517,650 Banding Crossing,Mobile,AL,40471,74
91,Selinda,Teaser,619-735-8599,0 Montana Terrace,San Diego,CA,,19
92,Barbette,Kennford,248-611-9799,461 Scoville Junction,,MI,66191,
93,Shanna,M'Quharg,763-476-2604,9 Dryden Road,Loretto,,87975,46
94,Emmy,Candlin,405-398-5119,,Edmond,OK,30643,30
95,Wendall,Preedy,570-661-5402,41283 Dakota Circle,Wilkes Barre,PA,,56
96,Mac,Cherrison,815-924-1007,,Rockford,IL,49366,
97,Sephira,Couvert,315-743-8785,,Utica,,,33
98,Mayer,Osler,901-828-8966,6902 Myrtle Place,,TN,26652,80
99,Cecelia,Padell,913-685-6200,19996 Reindahl Terrace,Shawnee Mission,,42853,16
100,Nonie,Farahar,623-475-7092,439 Pierstorff Place,Phoenix,AZ,,79
101,Idalia,Grunnell,804-574-9500,99562 Westerfield Junction,,VA,,55
102,Florencia,Rozzier,601-394-8590,,Hattiesburg,,72819,47
103,Vinny,Samudio,704-495-5383,12435 Badeau Plaza,Charlotte,,71340,59
104,Livia,Brunicke,910-224-8313,,,NC,36800,26
105,Myrah,Rushmere,313-500-1714,1 Sutherland Circle,Dearborn,MI,53189,46
106,Trixie,Rennard,704-401-2345,9 Blackbird Crossing,,NC,59331,57
107,Joey,O'Cosgra,203-903-0092,5234 Cordelia Terrace,,,48685,65
108,Sawyer,O'Conor,651-131-5487,,Saint Paul,MN,16855,34
109,Clifford,Skilling,310-657-2841,267 Canary Alley,,,79507,46
110,Swen,Jacks,713-394-0528,,Houston,,30788,53
111,Pascal,Aitken,904-686-9660,6 Banding Terrace,Jacksonville,,51611,33
112,Glynis,Gason,202-706-5165,922 Oak Junction,Washington,DC,64133,30
113,Joanna,Callow,508-252-7208,17694 Tennyson Park,Brockton,MA,19134,47
114,Maynard,Paladino,337-365-5290,470 Monica Point,Lake Charles,LA,61537,74
115,Tarra,Franzman,806-998-9664,96336 Granby Circle,Amarillo,,54668,78
116,Lenora,Gricks,203-468-1837,1909 Roxbury Alley,Stamford,CT,,17
117,Winnie,Lohoar,415-617-4112,1 Fairview Crossing,,CA,15920,41
118,Aylmar,Kincey,212-845-4136,83 5th Lane,New York City,NY,33357,79
119,Alick,Knotton,806-842-5362,6 Haas Circle,Lubbock,TX,85885,18
120,Egan,Follos,504-449-0330,,,LA,81795,28
121,Olive,Werrilow,304-974-4421,769 Transport Avenue,Charleston,,33312,19
122,Daphne,Vasechkin,360-617-2767,67 Goodland Court,,WA,,
123,Selena,Woosnam,409-951-7609,26 Susan Way,Beaumont,TX,47089,57
124,Ilysa,Spadollini,205-818-0823,59001 Canary Alley,Tuscaloosa,AL,52609,71
125,Edsel,Fraser,202-865-3189,0126 Maryland Circle,Washington,,61089,32
126,Noak,Barabisch,404-691-3650,93394 Summerview Terrace,Atlanta,GA,64142,32
127,Kinsley,Treacher,716-580-6477,3795 Carey Alley,Buffalo,NY,46588,44
128,Molli,Tunesi,805-258-5927,0 Moulton Point,Santa Barbara,CA,66409,73
129,Riley,Avey,615-832-4744,56 Waxwing Place,Murfreesboro,TN,49093,70
130,Olenka,Panichelli,510-529-3634,,Berkeley,CA,79706,26
131,Sena,Winslade,413-634-9708,3 Bonner Junction,Springfield,,65712,45
132,Jennica,Illiston,813-471-2935,27 Pine View Trail,Tampa,FL,62627,37
133,Darnall,Josephson,775-758-4935,2805 Shoshone Way,Reno,NV,,77
134,Arliene,Cann,727-640-6133,147 Clove Plaza,Saint Petersburg,FL,70502,51
135,Pietro,Ausher,847-528-9693,0961 Ludington Park,Palatine,IL,,38
136,Germaine,Mayhew,786-948-6372,45480 Farwell Court,,,47683,22
137,Winifred,Davidy,972-819-9820,678 Utah Alley,Dallas,,,51
138,Cheryl,Densumbe,515-171-3038,,Des Moines,IA,,65
139,Caspar,Rogez,719-288-9884,815 Claremont Plaza,Colorado Springs,CO,89305,16
140,Merrielle,Clinning,619-119-7999,93020 Stoughton Street,San Diego,CA,76961,79
141,Moyna,O'Siaghail,425-531-2339,1456 Miller Place,Kent,WA,36107,21
142,Boniface,Lesslie,812-814-3841,,Evansville,IN,25181,26
143,Kingston,Dressel,765-631-7819,1826 Hintze Hill,Crawfordsville,IN,,30
144,Osmond,MacGillacolm,202-404-2914,72183 Holy Cross Terrace,Washington,DC,54382,
145,May,Clail,208-492-8185,,Pocatello,ID,23780,52
146,Merwyn,Ivakhin,763-551-9072,16 Eastwood Junction,Monticello,MN,38350,57
147,Donny,Ing,512-755-8309,628 Service Circle,Austin,TX,21366,57
148,Felipe,Campion,312-291-5828,1504 Annamark Lane,Aurora,IL,74568,36
149,Jefferey,Pitkins,615-702-5929,18832 Veith Point,,TN,23186,
150,Cordell,Hillan,208-829-6020,,,ID,,
151,Heriberto,Collinette,907-842-0270,13 Village Green Junction,,AK,13614,
152,Pooh,Basili,612-203-2879,63 Washington Hill,Minneapolis,MN,69237,49
153,Minerva,Crielly,972-708-7149,599 Myrtle Terrace,Dallas,TX,88334,29
154,De,Cartmel,562-469-3998,60412 Fairfield Street,San Francisco,CA,43524,35
155,Ashlan,Dorward,434-955-1801,67262 Hazelcrest Junction,Manassas,,,18
156,Gasparo,Gerriessen,937-713-3163,8 Hansons Terrace,Dayton,,,31
157,Clarence,Witts,253-393-9051,2674 Cordelia Way,Tacoma,WA,52336,53
158,Doria,Mayworth,979-347-1578,91534 Bellgrove Center,College Station,TX,79613,56
159,Rufe,Valens-Smith,469-640-3860,17804 Veith Street,Dallas,TX,45015,56
160,Chuck,Clucas,832-809-2394,13755 Glendale Place,Houston,TX,21926,62
161,Janeen,Dablin,540-911-8998,4034 Parkside Place,Roanoke,VA,43466,22
162,Shayla,Jerson,409-303-6699,55521 Lakewood Gardens Avenue,Beaumont,,50009,31
163,Andris,Harwin,817-785-1668,66264 Stone Corner Way,,TX,53870,
164,Korrie,Booley,614-997-5780,4 Amoth Trail,Columbus,OH,37690,42
165,Karlie,Colnett,608-777-8520,4006 Sloan Drive,Madison,,72639,
166,Helene,Pittson,415-857-2283,65 Reindahl Drive,,CA,18203,62
167,Simone,Englishby,865-671-3123,6755 Morrow Pass,Knoxville,TN,58347,78
168,Maryjane,Giacobo,803-418-3812,92 Anderson Road,Columbia,,,50
169,Raymond,Sherston,859-652-0318,2114 Burning Wood Drive,Lexington,KY,46317,24
170,Michaela,Vahl,314-901-5792,07 Maple Wood Parkway,Saint Louis,MO,52736,
171,Aurilia,Beslier,310-367-5416,9 Lien Alley,Santa Monica,CA,12472,67
172,Jessalyn,Burney,323-663-4762,61 Oneill Avenue,Los Angeles,CA,40865,19
173,Jerrold,Muge,352-861-3904,958 Caliangt Junction,,FL,30677,38
174,Inna,Elfitt,205-605-7152,,Birmingham,AL,,54
175,Ally,Mufford,616-138-3723,,Grand Rapids,MI,89398,69
176,Bethina,Orr,205-429-0948,6901 Caliangt Place,Birmingham,AL,29886,43
177,Bearnard,Woodes,202-673-0217,44 Oakridge Circle,Washington,DC,,63
178,Ahmad,Biggins,606-731-5570,4947 Porter Drive,London,KY,85430,16
179,Audrey,Crapper,775-367-4750,,Reno,NV,41465,78
180,Petunia,Terbrug,859-262-2480,81032 Corry Place,Lexington,KY,32014,55
181,Abeu,Drakers,757-577-0970,392 Mallard Place,Norfolk,VA,54250,
182,Zacherie,Loftin,203-540-4700,,Fairfield,CT,74382,20
183,Kevina,Yeeles,616-751-9802,1851 Sycamore Avenue,Grand Rapids,MI,,38
184,Robinet,Brabender,502-722-1858,9 Mockingbird Trail,,,31518,59
185,Lucretia,Luckhurst,781-512-9517,,Newton,MA,37595,
186,Ozzy,Reinert,702-596-4286,68 Bashford Circle,Las Vegas,NV,,
187,Lilas,Maddrah,218-493-5797,248 Independence Place,Duluth,,,30
188,Oriana,Beadle,612-523-4006,,,MN,11111,19
189,Gard,Pirazzi,515-351-6733,045 Carey Pass,Des Moines,IA,,62
190,Ernesta,Williamson,401-240-9082,0692 Ronald Regan Pass,Providence,RI,51390,58
191,Johnnie,Danahar,801-694-4729,12 Sachs Court,Salt Lake City,,61267,
192,Chariot,Scollan,816-813-4358,2 Sauthoff Road,Kansas City,MO,,53
193,Jade,Whitfeld,202-601-8068,34343 Delladonna Circle,Washington,DC,42109,49
194,Stefa,O'Duggan,770-567-7978,,,GA,,17
195,Tybie,Geany,253-455-9850,7 Armistice Plaza,Seattle,WA,73047,58
196,Karissa,De Bellis,408-296-5282,42417 Sunnyside Circle,San Jose,CA,,46
197,Elfie,Weaver,212-621-9093,44 Longview Avenue,New York City,NY,65975,57
198,Malinda,Deem,325-427-3902,105 Porter Trail,Abilene,TX,28026,47
199,Cesaro,Vannoni,903-708-0523,30 Dottie Trail,Longview,,56373,49
200,Ketti,Shortell,517-114-5947,5 Welch Avenue,Lansing,MI,13711,77
201,Joann,Eliasson,315-702-8162,9 Nancy Trail,Rochester,NY,21400,70
202,Clemens,Cervantes,304-159-5810,4248 Maywood Terrace,Charleston,WV,40684,72
203,Wilma,Brouard,215-228-5708,,Philadelphia,PA,87027,
204,Josey,Abden,719-377-9951,7 Northfield Plaza,,CO,77816,
205,Natal,MacCawley,918-731-1068,59443 Oak Valley Park,Tulsa,,37202,
206,Bald,Fayre,808-828-4936,414 Rigney Place,Honolulu,HI,88053,
207,Sargent,Colleck,513-743-3790,64508 Westerfield Street,Cincinnati,OH,66563,63
208,Deana,Mulcaster,616-565-6379,9 Eagan Place,Grand Rapids,,63408,
209,Demetrius,Golsthorp,203-894-4256,57 International Hill,,CT,13721,
210,Tye,Hellin,703-427-3980,4171 Arapahoe Junction,Washington,,21870,40
211,Godiva,Herity,732-120-5700,2750 Killdeer Junction,New Brunswick,NJ,,55
212,Emalia,Euler,910-474-0996,10073 Gina Center,Fayetteville,,44352,72
213,Bary,Lourenco,323-433-8494,909 Warrior Alley,Los Angeles,CA,,32
214,Mame,Pilbury,417-853-9553,42507 Eggendart Pass,Springfield,MO,13193,19
215,Alfi,Chifney,323-903-9919,,Los Angeles,CA,29416,29
216,Denna,Roth,808-358-9763,47 Maryland Hill,Honolulu,HI,58530,66
217,Deny,Busfield,646-167-0637,8059 Cambridge Drive,,NY,,65
218,Larine,Konke,304-507-1048,1 Pawling Court,Huntington,WV,68106,27
219,Vilma,Delgua,760-517-4138,81 Cherokee Way,Carlsbad,,,62
220,Halimeda,Dimitru,559-669-5944,13594 Fremont Road,Fresno,CA,39129,36
221,Karol,Brewis,513-784-4710,38677 Cody Terrace,Cincinnati,OH,13534,47
222,Adelina,Barbara,804-929-7513,20 Graedel Parkway,Richmond,VA,67127,
223,Hilary,Meneyer,832-543-3279,47 Mallard Court,Houston,,54861,68
224,Mellisent,Scorthorne,610-992-5485,,Philadelphia,PA,40888,22
225,Carmina,Mableson,508-258-5222,0 Talisman Hill,Newton,,,40
226,Carmen,Gecks,682-367-4127,3207 Mosinee Circle,Fort Worth,TX,23611,59
227,Dione,Arnfield,617-952-1789,30 Burrows Trail,,MA,17135,76
228,Juditha,Macquire,832-964-3946,62355 Porter Plaza,Houston,TX,39523,22
229,Margaretha,Ciobotaru,919-959-5711,5693 Ridgeway Center,Raleigh,NC,60717,74
230,Spense,Curtiss,850-638-7260,22563 Wayridge Avenue,Pensacola,,10446,24
231,Kalinda,Oppy,937-702-6046,,Springfield,OH,21092,28
232,Luise,Gwillym,325-643-1529,9964 Maryland Hill,San Angelo,TX,,78
233,Viola,Drugan,559-240-4516,,Fresno,CA,85890,47
234,Baillie,Lawther,404-131-5398,,,,14455,78
235,Kylie,Duignan,707-433-9654,738 Bobwhite Avenue,Petaluma,CA,41813,76
236,Gradeigh,Antowski,302-946-4314,,,DE,84438,30
237,Freddy,Duetschens,859-847-4149,1 Tony Avenue,Lexington,KY,56675,76
238,Daphne,Joplin,412-726-5613,2 Sunbrook Street,Pittsburgh,PA,66491,18
239,Niki,Joselin,212-222-2703,7944 Boyd Alley,New York City,NY,22782,47
240,Nikolos,Camlin,832-535-0894,5699 Fremont Way,Houston,TX,72602,19
241,Gusella,Finnigan,703-632-0590,7503 Talmadge Lane,Washington,DC,67904,26
242,Hercule,Speachley,415-374-5681,5994 Bartelt Park,San Francisco,CA,88102,72
243,Michail,Levitt,602-449-2841,98 Mccormick Plaza,Mesa,AZ,29386,37
244,Nicolle,McCray,760-452-0473,29 Grayhawk Junction,Escondido,CA,37778,
245,Juline,Attew,858-527-9371,,San Francisco,CA,18201,58
246,Odie,Giannoni,734-244-2925,918 Pierstorff Terrace,Detroit,MI,13416,41
247,Garrik,Fullagar,205-788-3788,307 Summit Circle,Birmingham,AL,13136,19
248,Ilsa,Giordano,864-824-9128,0407 Randy Hill,Greenville,SC,,36
249,Aileen,Beadman,616-526-1011,0 Novick Point,,MI,35507,30
250,Leonerd,Callum,401-653-5612,62 Sycamore Court,Providence,,,24
251,Bjorn,Peck,502-745-1115,0938 Manufacturers Circle,Louisville,KY,75778,68
252,Dennet,Durkin,770-720-5844,103 Lawn Crossing,Lawrenceville,,47316,57
253,Jania,Simone,404-384-8754,2 Hansons Pass,Atlanta,GA,,22
254,Darcey,Hrachovec,707-223-5254,4 Thierer Hill,Santa Rosa,CA,85528,69
255,Briana,Rizzini,253-637-8055,6 Talisman Lane,Tacoma,WA,87944,31
256,Blisse,Yate,801-914-5097,7154 Green Ridge Court,Salt Lake City,,36788,39
257,Reinhard,Willerson,785-519-5703,7 Bluestem Circle,Topeka,KS,59617,
258,Jimmy,Fausch,412-997-6930,25216 Delaware Drive,Pittsburgh,PA,33592,46
259,Sarajane,Lampitt,410-429-9692,51594 Helena Drive,Ridgely,,47435,64
260,Amitie,Yarrington,215-964-6632,6 Lake View Way,Philadelphia,PA,60024,45
261,Birgitta,Weepers,205-909-1891,71086 Clarendon Hill,,,80086,70
262,Raven,Micheau,940-834-0274,8 Clove Plaza,Wichita Falls,TX,63961,37
263,Starlene,McLeoid,254-659-4085,,Gatesville,TX,71592,17
264,Pat,Bouzan,918-649-0488,,Tulsa,OK,78273,
265,Paula,Mulchrone,434-955-9257,,Charlottesville,VA,20839,48
266,La verne,Heinrici,330-934-1267,0 Dixon Place,Akron,OH,,46
267,Chad,Nelissen,912-289-0958,4 Del Sol Plaza,Savannah,GA,29778,20
268,Lory,Wooderson,860-658-1565,26286 Dawn Trail,Hartford,CT,50041,59
269,Sharia,Fabry,951-366-3582,0233 Elmside Lane,Corona,CA,28171,
270,Peder,Gallehock,720-299-3611,3124 Trailsway Parkway,Denver,CO,70567,26
271,Penni,Silversmidt,817-215-3405,970 John Wall Park,Arlington,TX,,
272,Llewellyn,Antuoni,720-239-9092,03 Artisan Lane,Denver,CO,71274,21
273,Joanne,Dwyr,719-154-1441,0 Sheridan Street,,CO,26623,
274,Urbano,Alentyev,818-411-6609,22 Manufacturers Way,,,22612,
275,Olly,Welchman,989-660-0304,0 Shoshone Road,Midland,,54010,
276,Madison,Newport,626-896-5780,0144 Annamark Hill,Pasadena,CA,,61
277,Aube,Bangiard,202-916-3377,62 4th Drive,,DC,,
278,Demetris,Leer,405-173-2164,3 Nancy Avenue,,OK,16341,17
279,Elwin,MacLise,304-105-9963,12 Sycamore Place,,WV,34296,63
280,Grata,Fanti,719-435-8004,79408 North Trail,Pueblo,CO,48803,55
281,Cameron,Raleston,941-365-4209,7612 Starling Park,Orlando,FL,,75
282,Dolph,Ivett,217-264-2453,167 Quincy Trail,Springfield,,41131,40
283,Albrecht,Alpine,203-123-6354,1 Pankratz Junction,Stamford,,,22
284,Kathrine,Thurborn,515-130-5911,964 Cambridge Lane,Des Moines,IA,18792,77
285,Zaccaria,Poulett,518-469-1530,36 Westerfield Terrace,Albany,,15048,64
286,Lucie,Eddington,517-267-6570,28915 Schlimgen Park,Lansing,MI,74429,71
287,Nolly,McKernan,816-695-2283,,Kansas City,MO,79578,25
288,Channa,Lycett,205-101-0213,21518 Menomonie Lane,,AL,10774,
289,Dev,Bower,901-158-4374,1610 Grover Way,Memphis,,68701,34
290,Ardyth,McCadden,209-587-5957,9 Pawling Road,Stockton,CA,,32
291,Trefor,Yushankin,281-914-0341,39 Melby Crossing,Houston,TX,,22
292,Alexandros,Quinnette,720-107-5245,93 Wayridge Crossing,Denver,CO,,
293,Jule,Pulford,239-729-2372,1 Autumn Leaf Street,Fort Myers,FL,55109,46
294,Fannie,Husselbee,614-584-8263,339 Kropf Crossing,Columbus,OH,86676,37
295,Emmy,Harley,973-341-8765,15 Anzinger Alley,Newark,NJ,66245,59
296,Lanny,Ferri,814-824-1769,014 Spohn Plaza,Johnstown,PA,64756,30
297,Ketty,Wauchope,949-628-4876,058 Talisman Avenue,Irvine,CA,82391,25
298,Carolina,Moan,310-116-8298,62903 Starling Way,Long Beach,CA,19731,63
299,Sauveur,Hollingsbee,432-642-8207,,Midland,TX,,
300,Branden,Walewicz,210-687-2884,,San Antonio,TX,77451,49
301,Jammie,Poytheras,317-393-3450,721 Huxley Terrace,Indianapolis,IN,62534,59
302,Guillema,Jeandeau,862-601-3756,7 Del Sol Lane,Paterson,NJ,78012,69
303,Anetta,Tomich,541-424-3296,71444 Rutledge Court,Eugene,OR,75441,58
304,Lucine,Harfoot,540-461-7343,5366 Nelson Trail,Roanoke,VA,74230,
305,Alexio,Schenkel,312-613-0780,55711 Lawn Point,,,48725,77
306,Arleyne,Dominey,772-570-8433,1 Springs Place,Vero Beach,FL,47169,45
307,Lock,Ladson,810-345-9493,5104 Sachtjen Street,Flint,,66517,
308,Clim,Izkovicz,972-537-2425,3 Little Fleur Avenue,Dallas,TX,14456,22
309,Sophi,Randle,212-709-5433,6400 Bartelt Lane,Brooklyn,NY,84038,55
310,Kelcey,Glenfield,915-117-4041,2085 Schiller Parkway,El Paso,TX,71797,70
311,Arnaldo,Grinyakin,772-646-5755,9728 Calypso Drive,,FL,47875,40
312,Kinsley,Hitter,601-719-3616,9456 Holmberg Park,,MS,59922,65
313,Sullivan,Tuffin,361-432-8170,7 Rockefeller Road,,TX,79984,
314,Paulina,Steaning,706-470-2183,3701 Welch Road,Athens,,82134,37
315,Jean,Rattray,202-444-7931,1876 Ohio Terrace,Washington,DC,47024,57
316,Vinny,Saundercock,941-870-4789,822 Graedel Hill,Naples,FL,74345,66
317,Alayne,Mountney,203-154-8110,38 Briar Crest Point,Norwalk,CT,60437,23
318,Lindi,Gilbard,215-171-5486,6 Prairie Rose Plaza,Philadelphia,PA,86190,53
319,Rutledge,Suche,818-521-4804,15191 5th Circle,Northridge,CA,78969,59
320,Jacobo,Belasco,281-587-6816,,Houston,TX,23707,68
321,Sidonia,Borrill,505-379-6925,1 Dapin Pass,Albuquerque,NM,,74
322,Ramon,Higgen,251-704-7135,20627 Pine View Junction,Mobile,AL,57071,45
323,Carena,Haggis,206-875-5292,024 Talmadge Center,Seattle,WA,31561,38
324,Ashleigh,Moylane,206-411-1021,393 Norway Maple Lane,Seattle,WA,51667,59
325,Bartholomeus,Beeres,434-739-4463,1 Dovetail Lane,Manassas,VA,50627,47
326,Patsy,O'Roan,513-430-0948,51049 Jay Center,Cincinnati,OH,38542,51
327,Korey,Salasar,260-204-6489,38 Dahle Parkway,,,28880,
328,Pauly,Russe,716-312-2985,6 Messerschmidt Drive,Buffalo,NY,73084,28
329,Jilli,Cerman,214-879-4932,46583 Eastlawn Trail,Arlington,TX,22457,17
330,Raddy,Delwater,203-672-6408,0 Summerview Lane,New Haven,CT,87651,16
331,Sansone,Skamal,602-459-7423,,Glendale,AZ,33083,47
332,Stearn,Whichelow,602-959-9275,698 Magdeline Point,Mesa,AZ,62935,
333,Felic,Stapells,602-894-2181,95468 1st Hill,Phoenix,AZ,69691,
334,Lorie,Rosenbaum,970-694-2722,33065 Ronald Regan Lane,Fort Collins,CO,25470,48
335,Lavinia,Cardenas,503-273-7384,6188 Browning Point,Portland,OR,44187,58
336,Fanny,Andraud,619-231-9611,70005 Merchant Hill,San Diego,CA,,17
337,Holly,Skoate,716-114-9711,6858 Mesta Junction,Buffalo,NY,50317,
338,Elisabeth,Lackinton,915-763-7202,2068 Moose Avenue,El Paso,TX,,19
339,Mallory,Naton,719-670-8314,76452 Artisan Terrace,Pueblo,CO,62224,
340,Chariot,McBeith,814-690-0234,52159 2nd Pass,Erie,PA,12881,34
341,Nichole,Grube,504-753-6816,,New Orleans,LA,44785,
342,Hillel,Streeting,619-703-0596,331 Tennyson Park,,CA,21248,49
343,Knox,McQuilty,315-868-5545,59 Truax Street,Syracuse,NY,,21
344,Meghan,MacRedmond,202-603-5902,37338 Heffernan Center,,DC,50542,76
345,Kynthia,Janssen,904-428-3838,45571 Stephen Plaza,Saint Augustine,FL,,41
346,Gabrielle,Densun,619-899-6104,57 Menomonie Way,San Diego,CA,47526,
347,Sandy,Dankersley,612-243-9244,0055 Anthes Crossing,Minneapolis,MN,64133,74
348,Sallie,Alexandrescu,612-462-6945,,Minneapolis,MN,57394,50
349,Calhoun,Gulston,408-504-4006,,San Jose,CA,58855,
350,Kyle,Blaksland,760-633-7542,6 Bartillon Hill,Orange,CA,36391,50
351,Udell,Savine,937-305-7747,35467 Bonner Lane,Dayton,OH,23819,53
352,Una,Sever,517-241-1109,5 Glacier Hill Street,Kalamazoo,MI,74739,63
353,Clio,Jorio,937-504-2613,922 Shasta Way,Springfield,OH,,34
354,Melisandra,Burnet,202-828-7261,98 Kennedy Hill,Washington,DC,59112,78
355,Teddie,Menere,515-393-4305,21380 Lakewood Crossing,Des Moines,IA,75265,73
356,Orelia,Calder,318-941-5820,2 Gulseth Road,Alexandria,LA,43155,44
357,Antonie,Kepp,206-932-4064,15 Hagan Place,Seattle,WA,37448,44
358,Perry,Evans,864-699-3955,3379 Hauk Point,Greenville,SC,,32
359,Lenore,Trevorrow,918-962-1284,22 Lakewood Gardens Place,Tulsa,OK,73523,
360,Zolly,Jerdein,757-555-9549,7719 Graedel Avenue,Hampton,VA,48231,22
361,Massimo,Hanscombe,208-995-5937,77 Carey Junction,,ID,56022,45
362,Caty,Teas,309-114-9624,725 Oriole Parkway,Peoria,IL,87150,41
363,Brion,Corde,254-184-1079,8 Arizona Court,Waco,TX,25526,52
364,Maren,Poller,502-759-9053,81 Ohio Point,Louisville,KY,88116,25
365,Spense,Langtry,260-800-0001,,Fort Wayne,IN,,58
366,Reinwald,Hearnden,253-837-1037,00 Butternut Drive,Seattle,WA,47205,68
367,Chariot,Furmonger,619-505-9818,185 Susan Way,San Diego,CA,56299,65
368,Udall,Covill,213-753-6369,913 Judy Hill,,CA,81851,24
369,Tessi,Barfford,517-484-3495,,Lansing,MI,36785,48
370,Chandal,Filer,207-441-4541,,Portland,ME,62874,20
371,Silvan,Wilcinskis,806-262-8816,02513 Algoma Point,Amarillo,TX,73766,69
372,Fancie,Summerill,949-484-3289,,San Diego,,15277,47
373,Isadore,Baumer,808-634-6354,36 Pearson Drive,Honolulu,HI,,72
374,Tedman,Satteford,727-697-5473,16 7th Plaza,Saint Petersburg,FL,59040,36
375,Shepherd,Rofe,978-496-2289,60 Stone Corner Circle,Boston,MA,80523,27
376,Ganny,Finn,386-607-6714,183 Atwood Hill,Daytona Beach,FL,33092,62
377,Eadie,Tyrie,203-420-5426,4061 Upham Lane,New Haven,CT,86682,28
378,Dougie,Burrus,971-390-6615,,Portland,OR,14801,28
379,Donetta,Stampfer,716-873-0517,,Buffalo,NY,39234,71
380,Rosalind,Featherston,803-474-5775,419 Lien Park,Columbia,SC,21457,60
381,Janean,Fittall,480-517-9724,257 8th Point,Scottsdale,AZ,78817,37
382,Aldrich,Dusting,205-185-1306,5673 Oriole Plaza,Birmingham,AL,34584,
383,Parry,Willgress,702-630-3264,88448 Maple Parkway,Las Vegas,,36606,
384,Alford,Draude,216-390-6616,495 Grim Hill,Cleveland,OH,21610,55
385,Torey,Cecchetelli,480-532-6774,3 Sunfield Terrace,Mesa,AZ,45866,80
386,Marilee,Barme,573-661-2567,99 Westend Center,Columbia,,39989,
387,Ulric,Buten,213-137-7454,594 Eagle Crest Drive,Van Nuys,CA,78799,
388,Gwendolin,Weavers,937-999-8092,0 Lighthouse Bay Alley,Springfield,OH,64797,17
389,Joye,Bernhardt,352-604-3686,592 Spohn Point,Gainesville,FL,39732,65
390,Doralynn,Gollin,407-143-4818,2603 Dennis Circle,Orlando,FL,18962,31
391,Jodie,Baxill,217-750-2120,,Springfield,,20837,24
392,Towny,Battleson,612-184-5791,2202 Spohn Pass,,,78068,41
393,Lise,Kerfod,850-887-3188,132 Scoville Lane,Tallahassee,FL,58168,58
394,Carce,Marcam,207-112-9008,4717 Washington Terrace,Portland,ME,63046,46
395,Winnie,Reddan,915-156-5488,5 Prairie Rose Junction,El Paso,,74188,
396,Roxana,Franciottoi,302-491-6467,34 Arizona Place,Wilmington,DE,34245,76
397,Gwennie,Swannie,515-807-5553,49966 Algoma Point,Des Moines,IA,18281,29
398,Norah,Brett,602-531-1378,9 Sunnyside Parkway,Phoenix,AZ,42336,53
399,Angie,Berthelmot,817-808-2246,10 Ryan Trail,Fort Worth,TX,22044,45
400,Sidoney,Gaish,917-679-2488,37 Forest Junction,New York City,NY,59891,53
401,Benetta,Buckler,206-819-4187,200 Sunbrook Junction,Seattle,WA,44847,32
402,Jaquelin,Aiken,817-917-3519,,Fort Worth,TX,17907,23
403,Nance,Perassi,817-547-4219,8564 Oneill Road,Fort Worth,,37727,29
404,Rog,Cheesworth,-631-4484,,,PA,82324,
405,Benny,Whitney,402-205-2848,6 Troy Pass,Lincoln,NE,70477,79
406,Heall,Heymes,718-438-5249,,Jamaica,,49013,66
407,Ardyth,Tester,209-235-1009,8 Buell Center,Fresno,CA,,
408,Amerigo,Brookwell,916-972-1313,1 Pine View Avenue,,CA,34322,50
409,Janie,Drance,646-217-1098,4034 Red Cloud Terrace,New York City,,83421,27
410,Val,Lehrmann,915-112-1963,172 Vernon Terrace,El Paso,TX,,47
411,Meryl,Roundtree,816-488-7369,52 Northridge Drive,,,10254,33
412,Car,Quare,704-708-2017,0 Dwight Point,Charlotte,,79296,45
413,Barry,Lesser,404-771-8097,9 Gale Hill,Atlanta,GA,74105,23
414,Clint,Van Son,806-852-8160,706 Starling Terrace,Amarillo,TX,,
415,Daffi,Workman,317-410-2309,,Indianapolis,IN,18495,68
416,Brianna,Sichardt,804-608-6675,,Richmond,VA,38676,38
417,Bert,Nisbet,512-573-7594,,Austin,TX,70243,22
418,Avis,McVeighty,203-553-3281,04713 Atwood Plaza,,CT,65240,31
419,Maurie,Smylie,412-240-8265,,Pittsburgh,PA,36161,
420,Quintana,Queenborough,412-476-3871,9 Gale Terrace,Pittsburgh,PA,30738,29
421,Addie,Aylmer,408-635-3973,5 Carioca Hill,,,11209,16
422,Syman,Rosini,619-922-6452,0 Chinook Center,San Diego,CA,68211,38
423,Reade,Nockells,813-428-1951,,Tampa,FL,55784,24
424,Lolly,Lis,812-120-9092,2176 Melvin Junction,,IN,56659,25
425,Morena,Castri,513-150-2896,3 Sundown Junction,,OH,83708,18
426,Lay,Longbothom,917-330-8930,77 Lake View Park,Jamaica,NY,,
427,Darleen,Caulket,254-650-8463,46 Anderson Lane,Waco,TX,11216,21
428,Glen,Rutter,205-768-7271,3 Morrow Avenue,,AL,89801,48
429,Adolph,Harms,208-933-9450,99 Meadow Vale Court,Boise,ID,25601,75
430,Breanne,D'Angeli,734-865-0908,5 Longview Road,Ann Arbor,,15255,
431,Ella,Pedrollo,313-706-2642,299 Acker Parkway,Detroit,MI,71663,52
432,Raine,Snadden,304-113-9940,5011 Stephen Trail,Huntington,WV,24610,64
433,Anallese,Farndale,210-636-3851,1502 Thierer Crossing,San Antonio,,,52
434,Nancie,De Haven,772-634-1931,,Fort Pierce,FL,37591,75
435,Artair,Lamb,515-276-9696,164 Rieder Avenue,Des Moines,IA,16545,
436,Lydon,Dalgetty,317-521-5701,0 Thierer Place,,IN,74873,
437,Zahara,Kingaby,865-651-0094,3 Golf Hill,,TN,53629,52
438,Jedediah,Northidge,904-544-1260,5 Messerschmidt Court,,FL,49027,
439,Shermie,Tomasian,602-922-4167,56793 Golf Terrace,Peoria,AZ,49594,
440,Selle,Greschik,304-198-6428,2003 Vahlen Hill,Huntington,WV,,47
441,Evita,Shatliffe,706-968-6378,039 Bellgrove Alley,,GA,83555,23
442,Alanson,Garfath,316-944-1354,28 Westridge Parkway,Wichita,KS,34043,16
443,Fran,Falkus,402-978-5123,83872 Delaware Court,Lincoln,NE,35990,
444,Dorthy,Dupoy,305-995-0573,41 Drewry Hill,Miami,,63872,71
445,Marillin,Bampforth,303-879-1338,88745 Valley Edge Parkway,Aurora,CO,58948,44
446,Darci,Aloshechkin,585-695-4055,,Rochester,NY,68820,77
447,Thorndike,Roseburgh,432-692-3258,87 Bartillon Trail,Midland,TX,79980,22
448,Manolo,Stangroom,813-237-4631,,Clearwater,FL,,
449,Graig,Eathorne,208-507-1816,1 Tennessee Hill,Boise,ID,19482,19
450,Michale,Byway,862-757-4338,60 Independence Circle,Newark,NJ,43718,40
451,Ardyth,Kindall,202-514-3467,52567 Melvin Center,,,42308,29
452,Zorana,Pettiward,919-112-0303,4523 Hermina Road,Raleigh,NC,76544,22
453,Rodolfo,Reyes,303-981-1761,,Denver,CO,,46
454,Chrisse,Rosenfarb,757-512-0220,00 Algoma Alley,Virginia Beach,VA,45012,60
455,Nichol,Beardsley,832-324-9354,44888 Portage Pass,Spring,TX,81189,71
456,Tarrah,Petch,513-532-0619,028 Sage Parkway,Cincinnati,OH,,57
457,Vidovic,Banyard,734-545-3987,46952 Little Fleur Parkway,Southfield,MI,,31
458,Morry,Withrington,602-121-8283,537 Beilfuss Center,Peoria,,89852,35
459,Yvor,Scurrah,717-396-6532,76198 Meadow Vale Street,Harrisburg,,57242,53
460,Niccolo,Ivashintsov,312-634-7221,5 Westend Street,Chicago,IL,75475,31
461,Vidovik,Blenkhorn,701-436-6901,49 Beilfuss Crossing,Fargo,ND,65546,46
462,Tyler,Mac Geaney,503-540-1706,7 Jana Drive,Salem,OR,,49
463,Josi,Petegrew,760-429-7922,63 Monica Parkway,Escondido,CA,62455,71
464,Shir,Glenwright,585-475-4954,75 Boyd Lane,Rochester,NY,11187,78
465,Ilene,Carlsen,304-702-4223,47692 Evergreen Drive,Huntington,WV,60852,25
466,Alden,Heers,515-802-7712,0399 Everett Point,Des Moines,,25392,67
467,Vonny,Gritsaev,757-446-6811,5 8th Court,Virginia Beach,VA,77152,49
468,Teresa,Bullingham,517-111-6442,3 Harbort Street,Lansing,MI,44761,
469,Henriette,Springate,704-255-0395,621 Merry Park,Charlotte,NC,,19
470,Jackson,MacMoyer,240-391-7356,245 Gina Court,Rockville,MD,42599,
471,Arturo,McManus,559-318-1580,60442 Dunning Parkway,,CA,,68
472,Randene,Littledyke,724-665-9235,21 Brown Plaza,,,66550,70
473,Meta,Victoria,585-214-8271,30089 Schiller Pass,,NY,,78
474,Kariotta,Wass,850-555-6425,934 Carey Terrace,Pensacola,FL,79929,29
475,Kaja,Bourget,520-989-6518,2511 Merchant Street,Tucson,AZ,,44
476,Nikolaus,Awin,612-281-2143,02 Starling Drive,Minneapolis,MN,54894,30
477,Jeralee,Guitton,212-444-6238,53 Thompson Crossing,New York City,NY,,40
478,Valery,Liversedge,704-461-2905,58852 Mockingbird Hill,,,42598,74
479,Berty,Redmain,402-865-1683,,,NE,85270,74
480,Erie,McKennan,915-594-6649,77 Park Meadow Place,El Paso,TX,60873,75
481,Karil,Lawerence,312-624-0967,436 Namekagon Hill,Chicago,IL,26752,22
482,Barbe,MacConnel,936-858-9834,,Beaumont,TX,74331,33
483,Chrotoem,Kenworthy,615-156-3355,,Nashville,TN,40847,41
484,Leland,Duffrie,540-656-9736,60501 Victoria Avenue,Richmond,,,64
485,Conny,Offner,415-685-7789,,San Francisco,CA,20778,28
486,Ofelia,Pumfrey,907-578-7784,9478 Michigan Center,Anchorage,AK,17761,71
487,Malissia,Nicholas,801-660-0184,72458 Forster Place,Ogden,UT,79380,
488,Torey,Thorrold,971-100-4239,,Portland,OR,,77
489,Hillard,Ishaki,713-520-4010,43906 Meadow Ridge Lane,Houston,TX,,61
490,Eugine,Hail,714-606-7373,1 Clemons Drive,Garden Grove,CA,,37
491,Lurleen,Banbury,713-828-6387,64130 Ohio Plaza,Houston,TX,34552,50
492,Chane,Foyle,415-971-6219,6 Waxwing Pass,San Rafael,,20672,25
493,Merrel,Demead,816-587-0013,10783 Dayton Court,Kansas City,MO,84770,64
494,Jehanna,Twigge,205-793-0962,32 Debs Place,Birmingham,AL,27659,74
495,Ignace,Brawson,702-181-9773,23099 Hoard Terrace,Las Vegas,NV,50631,35
496,Bevan,Kupis,402-313-6596,6 Reinke Center,Lincoln,,43382,74
497,Tully,Dicky,770-949-3645,7055 Stoughton Court,Marietta,,54827,63
498,Cesaro,Llewelyn,206-744-1353,7 Farwell Alley,Kent,WA,,26
499,Laurel,Thomtson,217-809-9119,3 Reindahl Hill,Springfield,,54179,67
500,Jens,Altham,901-546-3589,,Memphis,TN,88633,42
501,Rand,Ditchett,305-287-6629,,Miami,FL,47955,69
502,Nathanael,Stonall,801-485-4907,91984 Marcy Road,,UT,29355,21
503,Zuzana,Rate,702-398-1546,66 Marcy Drive,Las Vegas,NV,59447,76
504,Gualterio,Foard,520-753-5493,4865 Surrey Road,Tucson,AZ,,
505,Krista,Cristofanini,202-747-4533,5493 American Ash Court,,DC,,
506,Errol,Dukes,814-317-3274,,Erie,PA,52374,20
507,Tucky,Chimenti,570-523-7943,0925 Corry Trail,,,16137,48
508,Rhodie,Hanse,937-153-1229,26 Dunning Way,Hamilton,OH,22655,
509,Cammi,Nairne,330-256-4035,,Canton,OH,37149,41
510,Latashia,McCafferky,336-348-3858,315 Lyons Hill,Greensboro,NC,54055,28
511,Arleen,Breakspear,216-429-3088,4 Bonner Drive,Cleveland,OH,30732,38
512,Joli,Anlay,206-609-5632,56184 Scofield Drive,Seattle,,,70
513,Si,Sallowaye,540-905-9852,58 Red Cloud Plaza,Roanoke,VA,53933,54
514,Bernard,Lichtfoth,813-409-7750,8912 Pawling Terrace,Clearwater,FL,85463,51
515,Gibby,Charker,412-921-7865,0 Heath Street,Mc Keesport,PA,54402,64
516,Budd,Poole,941-941-1242,3732 Almo Crossing,Bradenton,FL,31070,
517,Theresa,Mc Pake,202-102-5240,1380 Morning Pass,Washington,DC,81273,23
518,Mellisa,De Hoogh,240-322-3560,,Gaithersburg,MD,72347,73
519,Sigvard,Clougher,217-547-9847,,Springfield,IL,68226,
520,Alberta,Karchowski,814-527-9459,00967 Moulton Crossing,,PA,13380,21
521,Mitchell,Texton,217-878-7530,,Springfield,,62555,56
522,Steve,Fulop,517-764-3048,98 Clyde Gallagher Drive,Lansing,MI,67230,63
523,Jeffrey,Crust,916-471-6521,97 Del Mar Way,Sacramento,CA,61117,39
524,Rozalin,Shipley,202-996-2230,83354 Prairieview Plaza,Washington,DC,86784,22
525,Ellyn,Valerio,573-751-1719,7429 Village Green Terrace,,MO,79755,48
526,Riane,Stangroom,214-754-0025,250 Elka Lane,,,68596,18
527,Enrico,Duley,202-363-0741,870 Truax Pass,Washington,DC,46403,61
528,Toby,Buckerfield,808-179-1028,5 Crescent Oaks Park,Honolulu,HI,13850,74
529,Barrett,Ring,862-246-2552,35 Sunfield Crossing,,NJ,25967,40
530,Sherwood,Rickis,317-664-5718,2819 Shoshone Drive,,,31610,67
531,Gilemette,Sullens,540-608-7023,5485 Shasta Point,Roanoke,VA,29513,36
532,Saul,Holwell,619-822-5792,821 Derek Road,Chula Vista,CA,57286,22
533,Noell,Manthorpe,702-238-2776,38826 Nobel Plaza,Las Vegas,NV,64178,58
534,Annamaria,Dani,713-458-4327,31 Mifflin Terrace,,TX,43237,38
535,Barbabas,McLice,205-420-7175,5 Lakeland Trail,Birmingham,AL,14183,74
536,Kellsie,Bramah,559-471-0357,659 Forest Run Parkway,Fresno,CA,,50
537,Rob,Ayling,559-718-9790,78 Rutledge Drive,Fresno,CA,33694,
538,Donalt,Hopkins,859-489-1444,61583 Burning Wood Lane,Lexington,KY,54513,74
539,Aubrey,Staines,415-975-4930,21 Hallows Pass,San Francisco,CA,61209,77
540,Eleonora,Forge,704-890-2460,8 Springs Street,,NC,14551,34
541,Marlena,Back,781-931-5006,6362 Golf Court,Lynn,MA,89778,68
542,Melody,Raithmill,917-672-2895,77093 Lukken Street,Bronx,NY,,52
543,Joachim,Faughey,646-298-7318,,,NY,37070,
544,Gaby,Ride,785-931-2461,58 Lake View Circle,Topeka,KS,,
545,Jessie,Burris,828-977-4760,267 Fulton Circle,Asheville,NC,51426,32
546,Nanci,Matskevich,202-298-7924,08233 Atwood Plaza,Washington,DC,14020,62
547,Conant,Degnen,770-410-4461,8 Novick Hill,Atlanta,GA,22840,29
548,Diannne,Farrer,817-753-9735,1 Portage Place,Fort Worth,,,23
549,Kacy,Simonazzi,636-364-4746,,Saint Louis,MO,,78
550,Davida,Adamov,858-771-8947,,Orange,,57909,42
551,Allayne,Geddes,213-470-6267,0573 Walton Plaza,Los Angeles,CA,39643,53
552,Nerti,Croxon,718-406-2343,26 Meadow Valley Trail,,NY,57486,33
553,Jens,Ivic,209-347-8816,987 Sloan Point,Stockton,CA,14445,43
554,Jerry,Sesons,210-278-1537,2642 Tennyson Point,San Antonio,TX,32242,
555,Cahra,Simonds,213-235-8133,600 Brown Street,Los Angeles,CA,28943,35
556,Zaria,Dearsley,310-623-8740,98 Elka Alley,,CA,29817,54
557,Ginelle,Puttick,901-559-1856,334 Meadow Vale Trail,Memphis,TN,73636,67
558,Donovan,Oakenfull,585-524-9649,,,NY,66467,
559,Eugen,Cristofalo,601-500-4893,3 Havey Point,Meridian,MS,79056,42
560,Shelli,Golde,562-858-3825,75090 Maryland Street,San Francisco,CA,59191,17
561,Worth,Mattheeuw,513-442-6446,,Cincinnati,OH,32258,
562,Levin,Vallender,617-921-0547,,Boston,MA,65839,68
563,Ileana,Diego,309-614-6985,8320 Myrtle Hill,,IL,21835,80
564,Ede,Growcock,831-874-2559,0686 Dorton Junction,,CA,10538,76
565,Sigfried,Monini,303-199-6224,057 Talisman Road,Littleton,CO,15299,
566,Noemi,Becom,212-353-7431,3702 Petterle Park,New York City,NY,46849,69
567,Becka,Santarelli,859-723-3635,46628 Cordelia Center,Lexington,KY,49955,45
568,Jarret,Lequeux,847-257-6565,8 Darwin Park,Evanston,,39681,80
569,Syd,Leate,402-709-7136,37 Fuller Alley,,NE,79261,26
570,Juliet,Wishkar,202-864-1595,40 Troy Road,,DC,22927,48
571,Jessey,Gerty,469-753-7866,892 Sachs Street,Dallas,TX,,29
572,Michel,Sinden,702-132-5844,3 Brown Trail,Las Vegas,NV,,24
573,James,Very,952-988-1443,874 Iowa Pass,Young America,,,45
574,Donnajean,Sambedge,203-940-5598,04 Barby Court,Stamford,CT,75270,41
575,Anthiathia,Maddox,212-512-9443,1 Anhalt Alley,New York City,NY,88062,34
576,Lonnard,Leavesley,239-271-0279,01 Bunker Hill Court,Naples,FL,33968,38
577,Rodrigo,Guilford,804-553-4686,1 Clemons Junction,Richmond,,10998,41
578,Hansiain,Endrici,619-124-8129,476 High Crossing Crossing,San Diego,CA,42902,78
579,Karina,MacCaughey,603-217-2397,388 Algoma Place,Portsmouth,NH,82052,
580,Beale,Agott,858-847-5676,95697 Roth Avenue,San Diego,CA,34257,18
581,Ema,Clarycott,850-735-8318,,Panama City,FL,55541,67
582,Carmine,Bertelet,801-930-7885,5 Hansons Avenue,,UT,53456,
583,Daisie,Keywood,612-877-1383,48634 Amoth Avenue,Saint Paul,MN,75712,
584,Enrica,Pollastro,915-709-9768,48786 Merry Place,El Paso,TX,50164,
585,Lizzy,Auton,718-229-4295,4198 Declaration Way,Jamaica,NY,14834,27
586,Blondie,Hatwell,219-951-6743,659 Shoshone Trail,Gary,IN,70720,33
587,Javier,Pavia,480-816-7257,00 Vermont Drive,Apache Junction,AZ,52495,
588,Clair,Lithcow,614-662-0147,2916 Division Alley,Columbus,,35733,71
589,Ogdon,Jendricke,704-458-2118,7 Lien Court,Charlotte,NC,82945,36
590,Fifi,Lovegrove,304-792-5955,00 Bluestem Way,Charleston,WV,10873,62
591,Tomlin,Pedlingham,281-423-2872,47 Morningstar Circle,,TX,80039,64
592,Junina,Malicki,206-758-7165,,Seattle,WA,72313,68
593,Orion,Wiburn,601-791-4190,69 Shasta Parkway,,MS,65036,29
594,Annabel,Ruby,972-181-2421,5 Veith Parkway,,TX,37368,
595,Cody,Kohler,316-504-1223,2 Harper Crossing,Wichita,KS,47399,
596,Ham,Waggitt,408-642-1809,3547 Swallow Avenue,,CA,30487,80
597,Gerardo,Harbord,904-934-9391,45 Melody Lane,Jacksonville,FL,13488,
598,Jacintha,Lyst,404-347-4560,996 Manley Hill,Atlanta,GA,50685,79
599,Alta,Cutcliffe,559-210-3924,081 Jay Point,Fresno,CA,,57
600,Gifford,Warbrick,518-861-3783,7829 Dixon Terrace,Albany,NY,31860,39
601,Erich,Meineken,704-186-7384,01699 Springview Junction,Charlotte,NC,76568,37
602,Levon,Durak,701-999-8027,3 Judy Circle,Grand Forks,ND,84580,50
603,Anatole,Pace,507-970-4538,669 Eagan Hill,Rochester,MN,83913,32
604,Rachele,Bossingham,208-316-9490,2 Reinke Way,Boise,ID,83501,61
605,Aridatha,Reaman,713-555-2531,3199 Oneill Circle,Houston,TX,28160,46
606,Cleavland,Olver,225-801-7676,7973 Jackson Drive,Baton Rouge,LA,,
607,Jennee,Tubridy,559-826-3677,,,,,66
608,Fax,Soden,864-305-0618,56147 7th Plaza,Greenville,SC,37173,17
609,Orlan,Witherby,702-938-4639,9412 Rutledge Way,Las Vegas,NV,,
610,Kristyn,Fendlen,505-593-7284,797 Briar Crest Lane,Albuquerque,,13092,16
611,Evered,Rowlands,303-858-2791,66 Marquette Circle,Denver,CO,,59
612,Adan,Hickeringill,540-954-6787,1 Cordelia Court,,VA,,66
613,Carin,Bestwerthick,602-241-7516,23203 Beilfuss Junction,Phoenix,AZ,62269,51
614,Meade,Devennie,203-794-7312,612 Stone Corner Pass,Bridgeport,,81221,56
615,Baird,Leynton,682-115-8582,1731 Manitowish Alley,Fort Worth,TX,54926,21
616,Sandra,Headingham,202-428-9084,2 Heffernan Park,,DC,52219,52
617,Jobey,Borrell,814-342-2837,02108 Golf Course Way,Erie,PA,35430,42
618,Kerby,Geane,512-714-6957,963 Basil Alley,Austin,TX,43258,70
619,Lurleen,Truckell,702-781-8024,6811 Green Street,Las Vegas,NV,82767,29
620,Grayce,Heminsley,682-319-4623,6715 Northwestern Plaza,Denton,TX,,40
621,Tamera,Usherwood,949-901-0295,,San Diego,CA,29590,27
622,Bax,Dogerty,314-939-3991,2216 Bartillon Crossing,Saint Louis,MO,12432,46
623,Wolf,Gandey,757-783-0479,0958 Shopko Point,Newport News,VA,57706,25
624,Sherye,Stemp,510-158-5070,18 Thackeray Drive,Oakland,,56728,80
625,Kendricks,Ham,215-902-3518,1935 Clarendon Pass,Philadelphia,PA,,47
626,Miquela,Wiersma,619-244-4257,506 Dapin Street,Chula Vista,CA,27263,37
627,Gilly,Melwall,303-619-7876,67518 Ramsey Court,Denver,CO,21207,66
628,Nadiya,Tunnadine,561-163-5371,41547 Chinook Street,West Palm Beach,FL,,52
629,Carling,Wisker,248-284-6047,461 Bonner Street,Farmington,MI,77972,
630,Lidia,Laible,203-618-6726,,Norwalk,CT,72133,45
631,Halli,Wesson,360-202-8401,28 Sugar Lane,Vancouver,WA,47151,62
632,Trace,Tiler,303-155-9250,2 Dapin Point,Denver,CO,41243,72
633,Verne,Yeell,785-279-8021,74 Red Cloud Junction,Topeka,KS,74370,43
634,Guilbert,Ottey,816-421-9348,13 Logan Place,Kansas City,MO,23323,62
635,Franciska,Godart,804-515-2272,06 Buell Park,,VA,57660,38
636,Nonah,Handke,702-735-2353,7180 Express Center,Las Vegas,,27142,33
637,Gradey,Noton,904-803-3132,29267 Manufacturers Plaza,Jacksonville,FL,24663,71
638,Idelle,Ryan,303-391-3677,93 Rockefeller Terrace,Arvada,,72530,49
639,Ines,Murrock,714-751-6391,1 Eliot Plaza,,CA,,
640,Mona,Mattsson,520-606-3801,126 Canary Court,Tucson,,30672,
641,Kathy,Mitcheson,816-281-5277,15 Memorial Center,Kansas City,MO,63291,
642,Veda,Peile,818-809-0078,7293 Packers Place,Santa Monica,CA,18555,42
643,Cesya,Pearcehouse,205-312-2232,,Birmingham,AL,76896,64
644,Peta,Scrogges,937-466-2423,3 Haas Plaza,Dayton,OH,89355,53
645,Mallory,Bakhrushin,713-528-6596,34053 Erie Parkway,Houston,TX,,57
646,Melisa,Pfeffer,202-536-1356,08722 3rd Park,Washington,DC,18969,
647,Annabel,Cheshire,724-256-5850,759 Montana Hill,Pittsburgh,PA,84046,29
648,Larissa,Beddow,727-130-0793,9 Springview Street,Saint Petersburg,FL,44887,80
649,Inger,Summersett,504-147-6348,011 Rigney Drive,Metairie,LA,42785,
650,Sheela,Bickardike,303-262-5439,1577 Emmet Hill,Littleton,CO,20752,35
651,Kimberley,McMeanma,801-993-6661,2 Bashford Center,Salt Lake City,UT,20109,52
652,Sullivan,Godspede,502-719-8492,0 Wayridge Avenue,Frankfort,,46970,48
653,Joline,Maith,937-133-4686,9 Summerview Terrace,Dayton,OH,63152,21
654,Estevan,Valerius,619-787-9612,1 Vermont Lane,San Diego,CA,76080,
655,Sofie,Doohan,915-568-4706,826 Stang Point,El Paso,,70512,73
656,Frants,Christmas,205-393-6182,0 Fulton Trail,,,58862,53
657,Wilmer,de Castelain,509-891-7350,540 Transport Parkway,Yakima,WA,38177,29
658,Lizette,Kilcullen,562-706-4886,,Long Beach,CA,58941,74
659,Garold,Smitham,213-378-8706,70312 Comanche Crossing,Van Nuys,CA,,
660,Gilbert,Abramski,361-141-9357,8900 Delladonna Way,Corpus Christi,TX,60361,53
661,Nadean,Curtin,901-641-7442,0 Nevada Center,,TN,54392,34
662,Nissie,Edbrooke,513-913-4416,48 Dryden Trail,,OH,50645,41
663,Novelia,Razzell,310-625-5121,774 Kipling Parkway,Torrance,CA,85828,24
664,Clayborne,Frisch,609-412-6255,55 Steensland Parkway,Trenton,NJ,88996,79
665,Myrilla,Apfel,254-352-5167,0104 Namekagon Pass,Waco,TX,88326,52
666,Joy,Giampietro,713-794-4203,43973 Mallard Drive,Houston,TX,18596,67
667,Allyce,Blything,334-119-5376,40 Vera Trail,,AL,53928,
668,Meaghan,Jurczyk,805-360-5656,6973 Autumn Leaf Lane,Santa Barbara,CA,,55
669,Claudie,Heers,208-377-0138,41 Montana Court,Portland,OR,42493,
670,Jesse,Sorsby,305-865-6136,7 Steensland Park,Hollywood,FL,76137,35
671,Vick,McEvon,702-689-0749,91769 Lawn Lane,North Las Vegas,NV,,41
672,Cassandry,Wesley,559-699-0489,8403 Marquette Terrace,Fullerton,CA,34060,80
673,Drusy,McRory,302-629-8145,91660 Dovetail Terrace,Wilmington,DE,75116,69
674,Chadwick,Scheffler,941-671-6559,398 Gina Plaza,Sarasota,,15359,58
675,Lisette,Pickersgill,618-876-6352,87350 Walton Junction,East Saint Louis,IL,61801,16
676,Quintus,Crowdson,609-303-3010,79756 Shoshone Lane,,NJ,35478,50
677,Charmion,Layus,415-661-3898,39387 Sage Trail,San Francisco,CA,63047,32
678,Ianthe,Georgievski,254-247-2941,982 Carberry Avenue,Waco,TX,,67
679,Bernette,Kollaschek,801-325-6186,,Salt Lake City,UT,86227,
680,Francisca,Sydry,612-772-4548,30 Ramsey Avenue,Minneapolis,,35894,
681,Margarita,Tabram,318-655-0553,0 Arrowood Alley,Shreveport,LA,37480,
682,Hammad,Westberg,937-988-2960,84132 Crest Line Road,Dayton,OH,43420,39
683,Orlan,Placide,626-525-6306,7843 Merry Court,Pasadena,CA,24301,17
684,Fredra,Maylott,765-168-6875,47 Loftsgordon Trail,Anderson,IN,23490,45
685,Tome,Marcham,901-885-8457,4018 Oneill Center,Memphis,TN,40002,
686,Hart,Jearum,713-664-8917,8283 Eliot Trail,Houston,TX,,64
687,Winona,Da Costa,901-158-6177,0 Shelley Junction,Memphis,TN,,75
688,Cyndie,Del Checolo,505-268-3964,0653 Prairie Rose Court,Albuquerque,NM,29757,22
689,Renaldo,Phizackerly,610-872-3471,8751 Oakridge Street,Bethlehem,PA,61644,66
690,Basil,Fishpond,907-202-9224,67 Everett Way,Anchorage,AK,47246,46
691,Kerk,Sheran,608-987-4000,113 Division Trail,Madison,,14340,39
692,Nonnah,Derks,937-353-0495,,Dayton,OH,63909,75
693,Cordy,Spincks,260-967-8149,1 Eastlawn Alley,Fort Wayne,IN,89659,39
694,Letitia,Spencer,312-233-7883,0 Walton Way,Chicago,IL,59023,36
695,Kaitlynn,Gettins,812-430-2329,942 4th Alley,Evansville,IN,30696,76
696,Burt,Hamblyn,215-890-3905,6398 4th Court,Philadelphia,PA,66486,29
697,Dora,Rosenkrantz,302-392-3184,1141 Florence Place,Newark,,77010,61
698,Philippine,Goeff,772-166-8431,5 Donald Way,Port Saint Lucie,FL,17106,44
699,Karim,Wabb,210-643-4049,,,TX,,65
700,Essa,Quiddington,706-240-0326,173 Killdeer Street,Augusta,GA,54475,32
701,Chaunce,Szymonwicz,512-163-4178,90 Mayfield Drive,Austin,TX,24560,43
702,Natal,Brazelton,713-450-0820,63 Meadow Vale Junction,Houston,TX,33650,28
703,Ruby,Reidshaw,513-234-8513,17247 Westerfield Road,,OH,79323,32
704,Pearle,Peaple,202-805-2597,213 Leroy Pass,Washington,DC,76799,
705,Karena,Withinshaw,503-583-0156,282 Tennessee Street,Portland,OR,73581,79
706,Berkie,Staner,304-593-3503,4113 Elmside Parkway,Charleston,WV,81501,
707,Bernardina,Conroy,540-111-7937,86212 Stang Avenue,Roanoke,VA,69091,75
708,Stefanie,Shackesby,860-514-9452,84 Pleasure Place,Hartford,CT,64195,37
709,Dun,Capeling,915-539-0169,8497 Di Loreto Court,El Paso,TX,87446,64
710,Lorraine,Fabbri,850-265-4043,469 Pleasure Center,Pensacola,,42917,71
711,Ashton,De La Hay,903-553-2284,61305 Dwight Place,Longview,TX,14842,
712,Ara,Rhymes,801-205-5828,3290 Dapin Junction,,UT,22675,
713,Zack,Wayt,916-449-9215,07331 Hanover Crossing,Sacramento,CA,61237,17
714,Gerrilee,Kuhne,914-625-6286,0 Waywood Avenue,,NY,89421,68
715,Deonne,Humburton,309-924-5516,30605 Dexter Point,Peoria,IL,,19
716,Francklin,Aleksidze,858-898-9351,,San Diego,,62307,41
717,Gui,Leitche,515-527-1206,09 Dennis Point,Des Moines,IA,,44
718,Dedie,Poulter,571-505-7617,8506 Kim Place,Arlington,,,64
719,Lon,Merriment,202-471-5879,,Washington,DC,21185,80
720,Candi,Erbe,661-718-3857,,Palmdale,CA,13247,57
721,Elfrida,Spire,303-801-2704,73 Clemons Crossing,Denver,CO,59672,72
722,Donnell,Duncklee,202-258-4323,,Alexandria,VA,25593,44
723,Thornie,Aluard,917-784-5147,,Jamaica,NY,60101,36
724,Rochella,Labb,540-668-4835,44644 Dixon Hill,Roanoke,VA,74664,76
725,Valenka,Sijmons,253-589-5520,,Tacoma,WA,75714,28
726,Norbert,Czyz,410-439-2549,03 Morningstar Drive,Baltimore,MD,27230,
727,Carola,Vasyagin,215-481-9474,1 Burning Wood Road,Philadelphia,PA,21727,36
728,Aloysius,Bennit,828-567-3980,06321 Vahlen Center,Asheville,NC,25191,55
729,Brit,Estcot,937-348-1875,7192 Gulseth Avenue,Springfield,,27316,70
730,Jenifer,Epinoy,314-558-4887,9457 Monterey Plaza,,MO,56533,48
731,Wynn,Finders,501-946-1650,3873 Brentwood Road,,AR,15454,
732,Alena,Alvarado,805-713-9330,6381 Lindbergh Trail,Bakersfield,CA,59676,29
733,Solly,Shann,412-208-8280,41 Talisman Circle,Pittsburgh,PA,40562,73
734,Benyamin,Dunhill,814-640-4441,16 Schlimgen Point,Erie,PA,59903,54
735,Sven,Poxson,713-487-9280,0 Delladonna Junction,Houston,TX,,35
736,Deane,Aumerle,502-371-8717,21 Manufacturers Junction,Louisville,,28298,80
737,Drugi,Grasner,817-308-2093,,Fort Worth,TX,12281,72
738,Georgie,Duffell,515-664-6889,4 Paget Place,Des Moines,IA,57452,49
739,Mal,Ielden,256-454-3030,575 Mariners Cove Plaza,Huntsville,AL,40007,75
740,Susann,Castro,415-244-8814,4 Esch Court,San Francisco,CA,46081,76
741,Clotilda,Carthew,816-203-5311,45 Charing Cross Way,Kansas City,MO,19679,51
742,Maris,Tather,915-355-6985,93 Luster Drive,El Paso,TX,81827,58
743,Therese,Sudran,804-931-4104,870 Heath Hill,Richmond,VA,23535,28
744,Hedwiga,Corbin,602-813-3996,9 Prentice Court,Gilbert,AZ,87019,18
745,Thibaud,Deverose,801-547-7671,8 Sherman Junction,Salt Lake City,,60607,
746,Brnaba,Calven,862-904-3575,01387 Valley Edge Terrace,Paterson,NJ,77201,54
747,Rorie,Scoggins,210-667-2851,4 Maryland Pass,San Antonio,TX,44509,
748,Doria,Storres,512-240-1736,840 Center Park,Austin,TX,22614,73
749,Saidee,Varnam,317-813-4522,,Indianapolis,IN,66289,58
750,Lynne,Arnall,312-424-8390,223 Spohn Junction,Chicago,IL,64054,56
751,Charley,Maleby,302-805-5238,8 Warbler Way,Wilmington,DE,65903,50
752,Shell,Kilbourne,316-525-0773,9 Arapahoe Parkway,Wichita,KS,56776,73
753,Yasmin,Simonutti,303-296-2060,49898 Fremont Circle,Boulder,,49903,
754,Wayland,Perrone,864-242-3128,8 Sherman Hill,Spartanburg,,87128,67
755,Averil,Behagg,517-540-0981,78178 Crownhardt Terrace,,MI,,19
756,Klara,Gotliffe,419-719-2622,068 Macpherson Lane,Toledo,OH,77535,67
757,Anet,Bull,314-801-2028,2635 Eliot Way,Saint Louis,MO,23078,78
758,Rosalia,Hounihan,916-767-5966,3 Jana Avenue,Sacramento,CA,,45
759,Carroll,Stoffer,405-129-4770,2 Cordelia Avenue,,OK,60917,36
760,Reg,Jansky,317-324-3572,0258 Ilene Place,Indianapolis,IN,24375,31
761,Lorelei,Spofford,757-463-0670,5 Pennsylvania Crossing,,,,
762,Ricard,Ledgeway,713-628-8181,43 Bluejay Junction,Houston,,16702,78
763,Letisha,Giovani,360-203-8241,3786 Red Cloud Junction,Olympia,,67173,50
764,Florenza,Tewkesberry,760-555-5147,023 Bay Avenue,Carlsbad,,58657,55
765,Trula,Click,828-377-8617,01 4th Road,Asheville,NC,,73
766,Correy,Kent,405-275-8685,19 Burning Wood Hill,Oklahoma City,OK,81673,23
767,Aubine,Rozycki,405-137-5881,1491 Londonderry Terrace,Oklahoma City,OK,62242,49
768,Carter,Zipsell,229-386-9692,264 Hoard Place,Albany,GA,35124,24
769,Shaina,Sreenan,719-607-2727,8 Charing Cross Court,,,21701,21
770,Chris,Szubert,520-809-7006,43 Caliangt Alley,Tucson,AZ,26173,56
771,Junette,Wardhaugh,808-649-1752,0 American Alley,Honolulu,HI,15703,24
772,Gertrud,Littleton,808-704-7603,53 Sutteridge Park,Honolulu,,67943,74
773,Hasty,Greeding,801-143-5963,66439 Vermont Crossing,Salt Lake City,UT,26777,25
774,Flo,Newhouse,571-930-2498,652 Lindbergh Point,Ashburn,VA,76022,34
775,Salomon,Cocklin,518-896-5181,,Albany,NY,,74
776,Lisha,Johnstone,212-529-7052,7400 Armistice Plaza,New York City,NY,21662,57
777,Carleen,Dahill,317-728-9961,9 Sutteridge Court,Indianapolis,IN,18523,30
778,Brennen,Phillips,724-679-4929,7 Becker Terrace,Pittsburgh,PA,54014,44
779,Shelby,Varns,915-238-9446,4419 Loeprich Crossing,El Paso,TX,27409,40
780,Torey,Martyntsev,915-857-9731,,El Paso,TX,26385,
781,Chrotoem,Venney,571-783-8676,881 Lotheville Place,Fairfax,VA,51583,77
782,May,Garric,434-955-1656,1 Esch Terrace,Manassas,,49847,24
783,Wynn,Lukock,954-459-2966,178 Carpenter Terrace,Fort Lauderdale,FL,25394,
784,Stavro,Lyddyard,916-535-7797,93 Stone Corner Court,Sacramento,CA,45831,77
785,Fidelia,Britner,718-389-7872,6 Vera Center,Bronx,NY,61907,52
786,Mildred,Colvie,412-675-0243,35504 Merry Junction,Pittsburgh,PA,34209,76
787,Suzi,Crummie,712-707-0917,2445 Sheridan Center,Sioux City,IA,71206,62
788,Martainn,Milmoe,417-996-8968,4 Rigney Court,Springfield,MO,80418,77
789,Demetrius,Kyneton,215-970-3152,,Philadelphia,PA,60636,52
790,Paulo,Happert,616-248-8268,,Grand Rapids,MI,17803,33
791,Harald,Mingardi,719-848-7787,854 Toban Circle,,CO,32297,46
792,Cinderella,Wenzel,305-430-1333,,Naples,FL,16616,45
793,Fabiano,Emer,757-436-8533,53462 Red Cloud Way,Norfolk,VA,84054,
794,Daphna,Tipling,504-278-3341,3 Duke Street,New Orleans,,13380,73
795,Danie,Morin,865-845-4946,23 Evergreen Junction,Knoxville,TN,13291,25
796,Chelsie,Easterfield,602-450-4797,1498 Fairfield Park,Phoenix,AZ,49799,74
797,Devin,Merkle,860-811-9588,2615 Little Fleur Alley,Hartford,CT,56970,50
798,Drusy,Brade,812-853-6619,0067 Bayside Junction,Bloomington,IN,21162,75
799,Revkah,Lissenden,214-144-0181,2878 Hudson Park,Dallas,,71336,78
800,Dugald,O'Fogarty,317-527-1076,1532 Mandrake Center,Indianapolis,IN,45632,54
801,Grantham,Shirtliff,919-475-9020,828 Scott Road,Durham,NC,76434,49
802,Peria,Igoe,602-795-8084,4658 Northland Parkway,Phoenix,AZ,84984,56
803,Patsy,McBain,212-350-0917,3260 Rutledge Center,New York City,,37993,36
804,Annmarie,Nicholson,513-502-0671,9 Stephen Pass,Cincinnati,OH,38639,23
805,Nada,Shefton,315-664-8506,9040 Butterfield Circle,Syracuse,NY,39964,22
806,Sylas,Catto,712-738-6830,95195 Daystar Crossing,Sioux City,IA,29244,41
807,Myrle,Armin,865-525-1309,12 Elka Trail,Knoxville,TN,,53
808,Myrtice,Stean,804-212-2861,8 Killdeer Way,Richmond,VA,69573,71
809,Armand,Cavet,919-657-9779,063 Lakeland Point,Raleigh,NC,47632,54
810,Scarface,Garfield,978-959-9663,,Boston,MA,64361,56
811,Leeland,Belderfield,916-240-5628,2168 Elmside Alley,Sacramento,CA,83741,
812,Tabor,Bisgrove,615-517-7758,51497 Ridgeview Circle,Nashville,TN,26574,
813,Conroy,Crellim,317-130-8105,748 Roth Parkway,Indianapolis,IN,79737,54
814,Maximo,Conradsen,216-338-8015,8876 Hoffman Park,Cleveland,OH,,63
815,Jameson,Tilley,208-458-4112,,Boise,ID,72499,51
816,Lilian,Dutteridge,949-431-5671,,Santa Ana,CA,69971,19
817,Sibyl,Cawkill,786-706-1394,4 Manufacturers Crossing,,FL,,77
818,Sophia,Marjoribanks,773-705-2076,67 Glacier Hill Place,Chicago,,,27
819,Berkley,Hunnable,386-873-9832,78 Chive Circle,,FL,59962,
820,De,Nattrass,832-962-3987,,,TX,84296,50
821,Ian,Brilon,302-116-7043,90624 Mallory Street,Newark,DE,11852,21
822,Giff,MacCoughan,865-574-7936,041 Kings Road,Knoxville,TN,35901,16
823,Rhys,Hince,804-827-6755,89 Montana Lane,Hampton,VA,31209,36
824,Brand,Gittings,-148-1845,04030 Burning Wood Parkway,Pittsburgh,PA,67357,51
825,Lorinda,Tibbles,706-320-6591,68869 Calypso Avenue,Columbus,GA,38408,26
826,Vilma,Gherardini,718-583-3607,123 Luster Parkway,New York City,NY,53965,28
827,Glori,Devo,312-871-5863,606 Bayside Drive,Chicago,IL,65946,74
828,Claudia,O' Dornan,843-841-2847,243 Coolidge Alley,Myrtle Beach,,35854,64
829,Townsend,Vassano,513-832-0829,97 Macpherson Street,Cincinnati,OH,36339,27
830,Catrina,Grisenthwaite,714-827-6202,6031 Lighthouse Bay Hill,Orange,CA,,63
831,Edouard,Elderfield,650-748-6132,48 Jay Place,San Jose,,,
832,Salomon,Alekseicik,502-317-8654,124 Sauthoff Trail,Louisville,KY,,
833,Danella,Arnoldi,325-884-6406,24 Prentice Junction,Abilene,,55825,
834,Tracey,Darcy,323-728-5718,0371 Montana Circle,Los Angeles,CA,80416,41
835,Hector,Brodnecke,559-304-6549,3 Steensland Plaza,,CA,,66
836,Dill,O'Shevlin,214-105-9341,52 Leroy Point,Dallas,,43169,
837,Gage,Pudden,971-125-0128,27329 Huxley Pass,Portland,OR,64875,32
838,Berke,Loughren,801-293-5419,680 Butterfield Alley,Salt Lake City,,,72
839,Annalise,Yerby,404-964-6294,110 Sunbrook Parkway,Atlanta,GA,32457,41
840,Valida,Shelford,614-508-3932,189 Becker Trail,Columbus,,76548,18
841,Kippie,Yann,480-796-8257,472 Moose Center,Mesa,AZ,36109,57
842,Doti,Pikett,515-641-6917,6626 Sutteridge Parkway,Des Moines,IA,,69
843,Lucilia,Coller,913-996-0507,26 Commercial Lane,Shawnee Mission,KS,24112,63
844,Maggee,Capstick,602-192-8782,367 Loftsgordon Way,Phoenix,AZ,,55
845,Leonelle,Tuson,913-693-0693,2169 Loeprich Crossing,Shawnee Mission,KS,12199,57
846,Cecilius,Menicomb,915-401-8871,6895 Oak Court,El Paso,,62638,32
847,Kynthia,Ilsley,502-686-8181,382 Kipling Hill,Louisville,KY,,37
848,Chickie,Yearnes,216-643-9986,5541 Ridgeway Court,Cleveland,OH,61333,67
849,Freeman,Garrie,214-843-6250,42 Fairfield Parkway,,TX,21043,47
850,Ulric,Lester,217-450-1951,,,IL,51160,49
851,Jorge,Chalcot,701-332-2109,776 Garrison Place,Fargo,ND,57892,76
852,Kristoforo,Chubb,757-983-7653,39 Brentwood Trail,Hampton,,,74
853,Hartwell,Duchateau,850-137-0355,145 Summit Point,Tallahassee,FL,78147,42
854,Willyt,Alton,502-230-6942,7 Carey Plaza,Louisville,,84874,33
855,Con,Priel,253-936-0223,82100 Clarendon Park,Tacoma,,67612,
856,Elka,Boddymead,202-315-2019,91 Kensington Trail,Washington,DC,88249,37
857,Wood,Mc Caughan,215-733-8450,9561 Fuller Trail,Philadelphia,PA,61586,35
858,Flory,Crumley,317-614-5652,37057 Fordem Way,Indianapolis,IN,21181,34
859,Anson,Fodden,513-265-9939,4 Waxwing Parkway,,OH,87971,44
860,Claudelle,Bohin,206-941-2507,29 Eastwood Junction,Kent,WA,,18
861,Else,Eyres,510-487-1106,07568 Tennyson Parkway,,CA,29748,59
862,Micheline,Sadd,971-179-5284,9 Mitchell Street,Portland,OR,,61
863,Louie,Benediktovich,786-333-5968,5 Farragut Terrace,Miami,FL,64154,35
864,Aubry,Jowling,347-615-0337,6269 Spohn Way,Brooklyn,NY,53254,
865,Obidiah,Bendel,602-270-3739,814 Drewry Trail,Glendale,AZ,36998,69
866,Jeddy,Trynor,616-450-7604,,Grand Rapids,MI,58244,19
867,Stacee,Mully,513-330-2113,,Cincinnati,OH,58231,57
868,Bengt,Jaggs,603-768-5869,76406 Schurz Terrace,Manchester,NH,10046,65
869,Celinda,Westmoreland,561-857-7126,,Lake Worth,FL,82171,60
870,Dori,Casolla,434-181-5839,610 Merrick Drive,Charlottesville,VA,,78
871,Wenonah,Schimank,516-883-7604,,Great Neck,NY,39015,80
872,Prinz,Gebbe,757-568-5921,,,VA,,75
873,Naomi,Ronisch,516-619-2368,6041 Nelson Street,New Hyde Park,NY,32303,46
874,Ailyn,Etridge,405-171-4720,9 Dawn Park,Oklahoma City,OK,13050,40
875,Carma,Bagnell,334-798-1897,68780 Oneill Way,Montgomery,AL,77786,26
876,Suzanna,Bottby,949-845-9066,6 Stoughton Trail,Irvine,CA,73505,34
877,Chrisy,Pedlow,626-211-0111,2151 Karstens Parkway,Pasadena,CA,27966,
878,Lydia,Secret,720-947-6650,81888 Haas Lane,Denver,CO,70756,24
879,Nathaniel,McOwen,813-111-7466,,,FL,19241,42
880,Ab,Muslim,856-200-0250,37292 Wayridge Drive,,,84807,25
881,Deana,Fanton,713-211-9033,1 Green Circle,Houston,,,28
882,Bibby,Fettiplace,619-220-4432,13633 Spohn Parkway,San Diego,CA,18930,44
883,Lenci,Okey,404-422-0539,7 Goodland Drive,Lawrenceville,GA,66926,68
884,Steven,Tattersill,225-238-8085,69456 Logan Lane,,LA,26318,24
885,Jacques,Audenis,415-331-2869,,San Francisco,CA,65492,44
886,Rurik,Oehme,954-134-3046,,Boca Raton,FL,53976,20
887,Desi,Millmoe,413-774-9363,129 Scoville Circle,Springfield,MA,14271,27
888,Tove,Skough,650-345-4381,4566 Nevada Point,Mountain View,CA,40945,65
889,Janeen,Blezard,858-455-6916,61061 Oneill Street,,CA,,32
890,Krishnah,Kermit,512-671-3633,28 Dorton Avenue,Austin,TX,,27
891,Gusty,Couthard,909-864-0826,9 Bobwhite Park,Riverside,CA,75356,49
892,Maggi,Feely,808-184-0276,5128 Ludington Place,Honolulu,HI,50187,80
893,Lee,Connar,937-115-9117,97 Prairieview Lane,Dayton,OH,,52
894,Avis,Deehan,972-460-3451,4 Lake View Crossing,,,17547,23
895,Kerry,Lerwill,817-631-6119,935 Holy Cross Trail,Fort Worth,TX,38426,71
896,Felike,Sainsbury-Brown,404-273-2433,,Atlanta,,48196,73
897,Thayne,Douty,404-422-4016,482 Michigan Lane,Atlanta,GA,,44
898,Hatty,Rigg,702-176-5557,52 Kings Junction,Las Vegas,,77165,
899,Georgiana,Meryett,202-814-2644,218 Forest Court,,,,59
900,Matteo,Lazonby,970-947-4332,129 Corscot Alley,Fort Collins,CO,22885,31
901,Bank,Flood,615-873-9556,07 Novick Pass,Nashville,,55544,34
902,Cully,Corwin,202-802-6764,3403 Loomis Court,Washington,,13428,25
903,Natalee,Blount,405-794-0144,,,OK,29227,60
904,Verna,Smeal,213-449-7049,6 Hanson Place,Los Angeles,CA,,52
905,Gonzales,Jeandet,229-327-5708,,Valdosta,GA,21045,31
906,Anabel,Banaszczyk,202-693-3327,,Washington,DC,41214,44
907,Bria,Hayhow,406-664-6768,,Billings,MT,83444,72
908,Teodorico,McNaughton,202-434-7221,60546 Sage Terrace,Washington,DC,32594,66
909,Ericka,Remnant,757-532-8035,,,VA,23045,47
910,Osbert,Benediktsson,786-629-0417,4 Utah Plaza,Miami,FL,54534,27
911,Dan,Rogerson,718-620-1252,3 Porter Parkway,Brooklyn,NY,25277,56
912,Tamiko,Horsted,862-189-8017,,Paterson,NJ,27923,44
913,Chilton,Hanby,602-607-8832,47643 Susan Lane,Phoenix,AZ,,78
914,Korrie,O'Cannon,724-239-0058,4556 Farragut Alley,Pittsburgh,PA,46243,51
915,Raymond,Grafhom,918-796-4553,5658 Tennessee Drive,Tulsa,OK,80498,33
916,Shep,Neno,415-327-9269,,San Francisco,,26909,41
917,Bary,Taberner,202-774-9690,,Washington,,51169,
918,Kasper,Linsey,336-932-9794,2 Hanson Junction,Greensboro,NC,37938,78
919,Calli,Sogg,810-864-8182,738 Autumn Leaf Way,Warren,MI,22273,45
920,Abner,Dopson,334-413-1436,26 Mockingbird Circle,Montgomery,,40978,76
921,Lothario,Cattell,718-678-9383,520 Florence Hill,New York City,NY,73802,75
922,Gwennie,Hembry,714-429-0381,6658 Sachtjen Plaza,Orange,CA,11113,56
923,Roxane,Arkil,202-180-8412,95068 Mariners Cove Point,Washington,DC,89591,49
924,Laurie,Di Batista,559-572-3365,1845 Garrison Pass,Fresno,CA,28444,65
925,Lambert,Couttes,347-756-8543,7786 Barnett Hill,Brooklyn,NY,30159,57
926,Ofilia,Conring,435-938-0831,39151 Merchant Parkway,,UT,53074,26
927,Eduardo,Keener,904-657-2364,,,FL,,52
928,Aurelea,Spratling,212-723-8410,9079 Northland Street,New York City,NY,73749,68
929,Ozzy,Scandrite,915-719-8547,1 Morrow Place,El Paso,TX,16173,
930,Malory,Titmus,503-561-1196,65 Morrow Junction,Salem,,17627,29
931,Thomas,McFayden,336-574-5192,8350 Waubesa Point,Greensboro,NC,74355,29
932,Noll,Blaisdell,775-171-0464,145 Pennsylvania Plaza,,NV,36442,
933,Geri,Munkton,704-113-1840,1 Towne Plaza,Charlotte,NC,87511,
934,Katya,Mindenhall,915-360-9154,,,TX,27883,77
935,Tana,Jeandel,623-317-7872,7 Hallows Plaza,Glendale,,,54
936,Roana,Bassam,434-382-1608,50 Rutledge Lane,Lynchburg,VA,41066,
937,Elga,Goodbody,972-222-4944,0606 Luster Court,Dallas,TX,75206,51
938,Ramonda,Human,585-960-2387,1381 Pennsylvania Drive,Rochester,NY,75526,67
939,Nevin,Baxstar,920-242-6869,,Green Bay,WI,54206,65
940,Ranice,McCreadie,714-243-3716,67 Daystar Trail,,CA,14004,70
941,Sigrid,Carlo,781-919-7891,16 Doe Crossing Road,Lynn,MA,55380,38
942,Hilary,Giblin,718-557-5803,,Bronx,,,21
943,Vin,Aizlewood,909-545-1273,,,,75456,58
944,Joane,Scurr,502-829-8708,9401 Waxwing Trail,Louisville,KY,30760,35
945,Ransom,Behan,915-723-7925,053 Sutherland Plaza,El Paso,TX,55716,61
946,Torie,Symson,260-174-4359,60660 Susan Hill,Fort Wayne,,14689,
947,Morgana,Mabe,651-996-1107,51580 Aberg Parkway,Minneapolis,MN,17538,41
948,Sean,Rigler,925-840-7976,6027 Truax Hill,Concord,,23118,50
949,Cordula,Atger,650-445-6916,01862 Hazelcrest Court,Mountain View,CA,,25
950,Ferguson,Gatecliff,602-185-1107,05486 Kensington Center,Phoenix,AZ,54973,80
951,Ray,Francescone,571-894-1710,4814 Caliangt Avenue,Ashburn,VA,22474,22
952,Ashly,Burdell,682-230-7536,0 Almo Trail,Fort Worth,TX,59894,57
953,Christie,Rigg,320-993-9478,1 Springs Center,,,66552,
954,Early,Measor,304-710-4014,04 Caliangt Pass,,WV,,72
955,Arvie,Peepall,210-995-7846,84503 Donald Point,San Antonio,TX,42795,76
956,Shayla,Yitzovitz,231-936-2601,60 Calypso Drive,,MI,68693,
957,Angy,Huson,310-805-4882,5 Oxford Center,Garden Grove,,21294,40
958,Nomi,Walford,404-700-9238,86921 Kennedy Crossing,Decatur,GA,48609,73
959,Brandie,Lowden,864-684-7178,60508 Independence Court,,SC,55897,31
960,Madeleine,Syce,713-137-4543,2162 Clyde Gallagher Lane,Houston,TX,75006,29
961,Alissa,Haresnaip,702-410-9785,23178 Dwight Trail,Las Vegas,,67448,73
962,Pamella,Rizzotto,808-668-3159,02431 Hauk Avenue,Honolulu,HI,33117,23
963,Sam,Rosebotham,571-745-2757,4178 Barby Hill,Arlington,VA,62477,75
964,Madelaine,Cadwallader,619-481-6954,389 Fordem Lane,San Diego,,15035,29
965,Othello,Bastick,231-768-7706,38964 Fairfield Trail,,MI,59826,43
966,Staford,Tewnion,916-223-2998,1645 Bobwhite Way,Sacramento,CA,40174,57
967,Ettie,Buttfield,520-972-0834,311 4th Lane,Tucson,AZ,28654,70
968,Mikol,Bulle,202-407-6012,6632 Ramsey Hill,Alexandria,VA,43762,16
969,Leighton,Lisciandro,678-848-7498,,Decatur,,51228,71
970,Carver,Decker,304-397-5412,7 Kedzie Place,Morgantown,WV,60323,44
971,Jorge,Lytell,754-925-8396,,,FL,15481,
972,Derron,Lazenbury,704-653-4815,,Charlotte,,80507,
973,Derron,Piaggia,903-144-5428,,,TX,50226,
974,Frannie,Tinman,517-229-4186,8 Nova Lane,Lansing,MI,15158,70
975,Kimmie,Swainson,408-152-1935,9 Debs Trail,San Jose,CA,55855,51
976,Papagena,Melding,304-500-5981,5468 Prairie Rose Center,Morgantown,WV,43547,46
977,Francine,Cullingworth,803-947-4833,6248 Gateway Court,Columbia,SC,38158,63
978,Lance,Hearnden,502-669-1488,05 Dottie Point,Louisville,KY,14303,56
979,Jerrie,Tine,954-979-8661,,Miami,FL,83350,25
980,Stanwood,O'Longain,214-500-4408,798 Russell Road,Garland,TX,14344,66
981,Linet,Stuckey,915-845-4033,0 Fremont Avenue,El Paso,TX,13461,66
982,Katya,Ezzy,619-481-1858,1 Scoville Park,San Diego,CA,78618,45
983,Jocelin,Sedgman,214-925-5642,07975 Banding Way,Dallas,TX,,58
984,Tadeas,Mottershead,520-257-3969,9 Mayfield Circle,,,,61
985,Myrta,Harriskine,952-415-4637,,Young America,MN,18661,22
986,Tate,Mirfin,718-635-8174,209 Blackbird Way,Brooklyn,NY,43254,72
987,Joellyn,Bonavia,505-755-7711,68 Westend Crossing,Albuquerque,NM,,60
988,Antone,Kristufek,843-191-2175,9075 Pine View Place,Charleston,SC,59972,45
989,Adela,Ramsbotham,916-666-7483,2 Pine View Alley,Sacramento,CA,45935,39
990,Blinnie,Stenning,773-992-1165,1 Sullivan Alley,Chicago,IL,64677,
991,Abigale,Shipton,619-818-2544,023 Continental Circle,San Diego,CA,67322,27
992,Fredi,Ilyenko,619-166-6172,2922 John Wall Point,San Diego,CA,36469,18
993,Milka,Sollis,520-995-5490,31 Cardinal Circle,Tucson,AZ,,
994,Terrie,Dmisek,213-672-6305,466 Pankratz Terrace,Los Angeles,CA,13994,78
995,Ludovico,Wiles,304-630-6106,0203 Forest Run Street,Charleston,WV,16070,44
996,Isacco,Sekulla,731-648-9783,66471 Fuller Street,Jackson,TN,82115,43
997,Lura,Ludman,714-312-9840,,Irvine,CA,12784,61
998,Amelie,Libero,801-195-2263,,Salt Lake City,,74627,69
999,Tobi,Danbury,612-509-0503,663 Melody Parkway,Minneapolis,MN,,36
1000,Dacia,Brussell,830-241-1727,8 Lukken Junction,San Antonio,,82250,53
